"sample_id","subject_id","study_name","study_condition"
"SID31004","SID31004","FengQ_2015","CRC"
"SID31009","SID31009","FengQ_2015","control"
"SID31021","SID31021","FengQ_2015","control"
"SID31030","SID31030","FengQ_2015","adenoma"
"SID31071","SID31071","FengQ_2015","control"
"SID31112","SID31112","FengQ_2015","control"
"SID31129","SID31129","FengQ_2015","control"
"SID31137","SID31137","FengQ_2015","adenoma"
"SID31159","SID31159","FengQ_2015","CRC"
"SID31160","SID31160","FengQ_2015","control"
"SID31188","SID31188","FengQ_2015","CRC"
"SID31219","SID31219","FengQ_2015","control"
"SID31223","SID31223","FengQ_2015","CRC"
"SID31233","SID31233","FengQ_2015","adenoma"
"SID31236","SID31236","FengQ_2015","control"
"SID31237","SID31237","FengQ_2015","CRC"
"SID31256","SID31256","FengQ_2015","adenoma"
"SID31267","SID31267","FengQ_2015","control"
"SID31275","SID31275","FengQ_2015","adenoma"
"SID31276","SID31276","FengQ_2015","CRC"
"SID31282","SID31282","FengQ_2015","adenoma"
"SID31285","SID31285","FengQ_2015","CRC"
"SID31300","SID31300","FengQ_2015","control"
"SID31328","SID31328","FengQ_2015","control"
"SID31333","SID31333","FengQ_2015","control"
"SID31337","SID31337","FengQ_2015","adenoma"
"SID31343","SID31343","FengQ_2015","control"
"SID31360","SID31360","FengQ_2015","control"
"SID31367","SID31367","FengQ_2015","CRC"
"SID31379","SID31379","FengQ_2015","control"
"SID31398","SID31398","FengQ_2015","adenoma"
"SID31416","SID31416","FengQ_2015","control"
"SID31424","SID31424","FengQ_2015","adenoma"
"SID31428","SID31428","FengQ_2015","control"
"SID31431","SID31431","FengQ_2015","adenoma"
"SID31446","SID31446","FengQ_2015","CRC"
"SID31449","SID31449","FengQ_2015","adenoma"
"SID31450","SID31450","FengQ_2015","control"
"SID31452","SID31452","FengQ_2015","control"
"SID31455","SID31455","FengQ_2015","adenoma"
"SID31477","SID31477","FengQ_2015","adenoma"
"SID31489","SID31489","FengQ_2015","CRC"
"SID31493","SID31493","FengQ_2015","CRC"
"SID31501","SID31501","FengQ_2015","adenoma"
"SID31512","SID31512","FengQ_2015","control"
"SID31519","SID31519","FengQ_2015","control"
"SID31537","SID31537","FengQ_2015","control"
"SID31549","SID31549","FengQ_2015","CRC"
"SID31557","SID31557","FengQ_2015","control"
"SID31582","SID31582","FengQ_2015","adenoma"
"SID31637","SID31637","FengQ_2015","control"
"SID31685","SID31685","FengQ_2015","CRC"
"SID31700","SID31700","FengQ_2015","control"
"SID31705","SID31705","FengQ_2015","adenoma"
"SID31711","SID31711","FengQ_2015","control"
"SID31714","SID31714","FengQ_2015","control"
"SID31723","SID31723","FengQ_2015","control"
"SID31749","SID31749","FengQ_2015","control"
"SID31750","SID31750","FengQ_2015","control"
"SID31766","SID31766","FengQ_2015","control"
"SID31865","SID31865","FengQ_2015","CRC"
"SID31866","SID31866","FengQ_2015","CRC"
"SID31868","SID31868","FengQ_2015","CRC"
"SID31870","SID31870","FengQ_2015","CRC"
"SID31871","SID31871","FengQ_2015","CRC"
"SID31872","SID31872","FengQ_2015","CRC"
"SID31873","SID31873","FengQ_2015","CRC"
"SID31874","SID31874","FengQ_2015","CRC"
"SID31875","SID31875","FengQ_2015","CRC"
"SID31876","SID31876","FengQ_2015","CRC"
"SID31877","SID31877","FengQ_2015","CRC"
"SID31878","SID31878","FengQ_2015","CRC"
"SID31879","SID31879","FengQ_2015","CRC"
"SID31880","SID31880","FengQ_2015","CRC"
"SID31881","SID31881","FengQ_2015","CRC"
"SID31883","SID31883","FengQ_2015","CRC"
"SID31884","SID31884","FengQ_2015","CRC"
"SID530002","SID530002","FengQ_2015","adenoma"
"SID530018","SID530018","FengQ_2015","adenoma"
"SID530026","SID530026","FengQ_2015","adenoma"
"SID530028","SID530028","FengQ_2015","adenoma"
"SID530039","SID530039","FengQ_2015","adenoma"
"SID530041","SID530041","FengQ_2015","adenoma"
"SID530050","SID530050","FengQ_2015","control"
"SID530052","SID530052","FengQ_2015","control"
"SID530054","SID530054","FengQ_2015","adenoma"
"SID530055","SID530055","FengQ_2015","control"
"SID530074","SID530074","FengQ_2015","control"
"SID530075","SID530075","FengQ_2015","control"
"SID530119","SID530119","FengQ_2015","control"
"SID530142","SID530142","FengQ_2015","adenoma"
"SID530154","SID530154","FengQ_2015","control"
"SID530163","SID530163","FengQ_2015","control"
"SID530167","SID530167","FengQ_2015","control"
"SID530168","SID530168","FengQ_2015","adenoma"
"SID530172","SID530172","FengQ_2015","adenoma"
"SID530177","SID530177","FengQ_2015","control"
"SID530185","SID530185","FengQ_2015","adenoma"
"SID530215","SID530215","FengQ_2015","control"
"SID530227","SID530227","FengQ_2015","control"
"SID530251","SID530251","FengQ_2015","control"
"SID530258","SID530258","FengQ_2015","control"
"SID530262","SID530262","FengQ_2015","adenoma"
"SID530295","SID530295","FengQ_2015","control"
"SID530297","SID530297","FengQ_2015","adenoma"
"SID530315","SID530315","FengQ_2015","control"
"SID530323","SID530323","FengQ_2015","adenoma"
"SID530331","SID530331","FengQ_2015","control"
"SID530348","SID530348","FengQ_2015","adenoma"
"SID530364","SID530364","FengQ_2015","control"
"SID530368","SID530368","FengQ_2015","control"
"SID530373","SID530373","FengQ_2015","CRC"
"SID530394","SID530394","FengQ_2015","control"
"SID530398","SID530398","FengQ_2015","adenoma"
"SID530403","SID530403","FengQ_2015","adenoma"
"SID530444","SID530444","FengQ_2015","control"
"SID530450","SID530450","FengQ_2015","adenoma"
"SID530451","SID530451","FengQ_2015","control"
"SID530558","SID530558","FengQ_2015","adenoma"
"SID530600","SID530600","FengQ_2015","adenoma"
"SID530623","SID530623","FengQ_2015","adenoma"
"SID530697","SID530697","FengQ_2015","adenoma"
"SID530705","SID530705","FengQ_2015","adenoma"
"SID530743","SID530743","FengQ_2015","adenoma"
"SID530756","SID530756","FengQ_2015","adenoma"
"SID530840","SID530840","FengQ_2015","adenoma"
"SID530867","SID530867","FengQ_2015","adenoma"
"SID530890","SID530890","FengQ_2015","CRC"
"SID531128","SID531128","FengQ_2015","CRC"
"SID531155","SID531155","FengQ_2015","CRC"
"SID531248","SID531248","FengQ_2015","CRC"
"SID531274","SID531274","FengQ_2015","CRC"
"SID531277","SID531277","FengQ_2015","CRC"
"SID531281","SID531281","FengQ_2015","CRC"
"SID531333","SID531333","FengQ_2015","CRC"
"SID531352","SID531352","FengQ_2015","CRC"
"SID531361","SID531361","FengQ_2015","CRC"
"SID531382","SID531382","FengQ_2015","CRC"
"SID531403","SID531403","FengQ_2015","adenoma"
"SID531414","SID531414","FengQ_2015","control"
"SID531416","SID531416","FengQ_2015","CRC"
"SID531424","SID531424","FengQ_2015","control"
"SID531469","SID531469","FengQ_2015","CRC"
"SID531663","SID531663","FengQ_2015","adenoma"
"SID531766","SID531766","FengQ_2015","CRC"
"SID531775","SID531775","FengQ_2015","CRC"
"SID532305","SID532305","FengQ_2015","adenoma"
"SID532749","SID532749","FengQ_2015","control"
"SID532779","SID532779","FengQ_2015","control"
"SID532796","SID532796","FengQ_2015","control"
"SID532802","SID532802","FengQ_2015","control"
"SID532826","SID532826","FengQ_2015","control"
"SID532832","SID532832","FengQ_2015","adenoma"
"SID532915","SID532915","FengQ_2015","control"
"LILT_GF06_16","GF06","ThomasAM_2018a","control"
"LILT_GF12_16","GF12","ThomasAM_2018a","adenoma"
"LILT_GF15_16","GF15","ThomasAM_2018a","CRC"
"LILT_GF16_T017","GF16","ThomasAM_2018a","adenoma"
"LILT_GF17_16","GF17","ThomasAM_2018a","adenoma"
"LILT_GF18_T016","GF18","ThomasAM_2018a","adenoma"
"LILT_VF00TL_16","VF00TL","ThomasAM_2018a","control"
"LILT_VF02_T016","VF02","ThomasAM_2018a","adenoma"
"LILT_VF04_16","VF04","ThomasAM_2018a","adenoma"
"LILT_VF06_16","VF06","ThomasAM_2018a","control"
"LILT_VF07_16","VF07","ThomasAM_2018a","adenoma"
"LILT_VF100_T016","VF100","ThomasAM_2018a","CRC"
"LILT_VF102_T017","VF102","ThomasAM_2018a","adenoma"
"LILT_VF107_16","VF107","ThomasAM_2018a","CRC"
"LILT_VF114_T017","VF114","ThomasAM_2018a","CRC"
"LILT_VF120_16","VF120","ThomasAM_2018a","CRC"
"LILT_VF145_T017","VF145","ThomasAM_2018a","CRC"
"LILT_VF154_T017","VF154","ThomasAM_2018a","CRC"
"LILT_VF166_T017","VF166","ThomasAM_2018a","CRC"
"LILT_VF174_T017","VF174","ThomasAM_2018a","CRC"
"LILT_VF176_T017","VF176","ThomasAM_2018a","CRC"
"LILT_VF192_T017","VF192","ThomasAM_2018a","CRC"
"LILT_VF197_T017","VF197","ThomasAM_2018a","adenoma"
"LILT_VF29_16","VF29","ThomasAM_2018a","CRC"
"LILT_VF30_16","VF30","ThomasAM_2018a","adenoma"
"LILT_VF31_16","VF31","ThomasAM_2018a","control"
"LILT_VF32_T016","VF32","ThomasAM_2018a","adenoma"
"LILT_VF35_16","VF35","ThomasAM_2018a","adenoma"
"LILT_VF37_16","VF37","ThomasAM_2018a","adenoma"
"LILT_VF38_16","VF38","ThomasAM_2018a","adenoma"
"LILT_VF40_16","VF40","ThomasAM_2018a","control"
"LILT_VF43_16","VF43","ThomasAM_2018a","control"
"LILT_VF47_16","VF47","ThomasAM_2018a","adenoma"
"LILT_VF50_16","VF50","ThomasAM_2018a","adenoma"
"LILT_VF55_T017","VF55","ThomasAM_2018a","adenoma"
"LILT_VF56_16","VF56","ThomasAM_2018a","adenoma"
"LILT_VF60_T016","VF60","ThomasAM_2018a","adenoma"
"LILT_VF65_16","VF65","ThomasAM_2018a","CRC"
"LILT_VF66_T017","VF66","ThomasAM_2018a","adenoma"
"LILT_VF69_16","VF69","ThomasAM_2018a","adenoma"
"LILT_VF70_16","VF70","ThomasAM_2018a","adenoma"
"LILT_VF71_16","VF71","ThomasAM_2018a","CRC"
"LILT_VF73_16","VF73","ThomasAM_2018a","CRC"
"LILT_VF77_16","VF77","ThomasAM_2018a","CRC"
"LILT_VF84_16","VF84","ThomasAM_2018a","control"
"LILT_VF90_16","VF90","ThomasAM_2018a","adenoma"
"LILT_VF95_16","VF95","ThomasAM_2018a","CRC"
"LILT_VF97_16","VF97","ThomasAM_2018a","adenoma"
"LILT_VF270_T017","VF270","ThomasAM_2018a","CRC"
"LILT_VF207_T017","VF207","ThomasAM_2018a","CRC"
"LILT_VF234_T017","VF234","ThomasAM_2018a","CRC"
"LILT_VF217_T017","VF217","ThomasAM_2018a","CRC"
"LILT_VF273_T017","VF273","ThomasAM_2018a","CRC"
"LILT_VF208_T017","VF208","ThomasAM_2018a","CRC"
"LILT_VF281_T017","VF281","ThomasAM_2018a","CRC"
"LILT_VF172_T017","VF172","ThomasAM_2018a","adenoma"
"LILT_VF216_T017","VF216","ThomasAM_2018a","CRC"
"LILT_VF232_T017","VF232","ThomasAM_2018a","CRC"
"LILT_VF264_T017","VF264","ThomasAM_2018a","CRC"
"LILT_VF251_T017","VF251","ThomasAM_2018a","CRC"
"LILT_VF259_T016","VF259","ThomasAM_2018a","control"
"LILT_VF255_T016","VF255","ThomasAM_2018a","control"
"LILT_VF170_T016","VF170","ThomasAM_2018a","control"
"LILT_VF206_T016","VF206","ThomasAM_2018a","control"
"LILT_VF212_T016","VF212","ThomasAM_2018a","control"
"LILT_VF214_T016","VF214","ThomasAM_2018a","adenoma"
"LILT_VF261_T016","VF261","ThomasAM_2018a","control"
"LILT_VF262_T016","VF262","ThomasAM_2018a","control"
"LILT_VF263_T016","VF263","ThomasAM_2018a","control"
"LILT_VF265_T016","VF265","ThomasAM_2018a","control"
"LILT_VF279_T016","VF279","ThomasAM_2018a","control"
"LILT_VF300_T016","VF300","ThomasAM_2018a","CRC"
"LILT_VF301_T016","VF301","ThomasAM_2018a","adenoma"
"LILT_VF10_T016","VF10","ThomasAM_2018a","control"
"LILT_VF140_T016","VF140","ThomasAM_2018a","control"
"LILT_VF171_T016","VF171","ThomasAM_2018a","control"
"LILT_VF18_T016","VF18","ThomasAM_2018a","control"
"LILT_VF189_T016","VF189","ThomasAM_2018a","control"
"LILT_VF28_T016","VF28","ThomasAM_2018a","control"
"LILT_VF82_T016","VF82","ThomasAM_2018a","control"
"CRC_MR_SBJ01C_17","SBJ01C","ThomasAM_2018b","CRC"
"CRC_MR_SBJ02C_17","SBJ02C","ThomasAM_2018b","CRC"
"CRC_MR_SBJ03H_17","SBJ03H","ThomasAM_2018b","control"
"CRC_MR_SBJ04C_17","SBJ04C","ThomasAM_2018b","CRC"
"CRC_MR_SBJ05C_17","SBJ05C","ThomasAM_2018b","CRC"
"CRC_MR_SBJ06C_17","SBJ06C","ThomasAM_2018b","CRC"
"CRC_MR_SBJ07C_17","SBJ07C","ThomasAM_2018b","CRC"
"CRC_MR_SBJ10C_17","SBJ10C","ThomasAM_2018b","CRC"
"CRC_MR_SBJ11C_17","SBJ11C","ThomasAM_2018b","CRC"
"CRC_MR_SBJ12C_17","SBJ12C","ThomasAM_2018b","CRC"
"CRC_MR_SBJ16H_17","SBJ16H","ThomasAM_2018b","control"
"CRC_MR_SBJ17H_17","SBJ17H","ThomasAM_2018b","control"
"CRC_MR_SBJ18H_17","SBJ18H","ThomasAM_2018b","control"
"CRC_MR_SBJ20C_17","SBJ20C","ThomasAM_2018b","CRC"
"CRC_MR_SBJ21H_17","SBJ21H","ThomasAM_2018b","control"
"CRC_MR_SBJ22C_17","SBJ22C","ThomasAM_2018b","CRC"
"CRC_MR_SBJ24H_17","SBJ24H","ThomasAM_2018b","control"
"CRC_MR_SBJ25C_17","SBJ25C","ThomasAM_2018b","CRC"
"CRC_MR_SBJ26C_17","SBJ26C","ThomasAM_2018b","CRC"
"CRC_MR_SBJ27C_17","SBJ27C","ThomasAM_2018b","CRC"
"CRC_MR_SBJ29C_17","SBJ29C","ThomasAM_2018b","CRC"
"CRC_MR_SBJ31C_17","SBJ31C","ThomasAM_2018b","CRC"
"CRC_MR_SBJ32C_17","SBJ32C","ThomasAM_2018b","CRC"
"CRC_MR_SBJ33C_17","SBJ33C","ThomasAM_2018b","CRC"
"CRC_MR_SBJ34H_17","SBJ34H","ThomasAM_2018b","control"
"CRC_MR_SBJ35C_17","SBJ35C","ThomasAM_2018b","CRC"
"CRC_MR_SBJ36C_17","SBJ36C","ThomasAM_2018b","CRC"
"CRC_MR_SBJ37H_17","SBJ37H","ThomasAM_2018b","control"
"CRC_MR_SBJ39C_17","SBJ39C","ThomasAM_2018b","CRC"
"CRC_MR_SBJ40C_17","SBJ40C","ThomasAM_2018b","CRC"
"CRC_MR_SBJ42C_17","SBJ42C","ThomasAM_2018b","CRC"
"CRC_MR_SBJ45H_17","SBJ45H","ThomasAM_2018b","control"
"CRC_MR_SBJ46H_17","SBJ46H","ThomasAM_2018b","control"
"CRC_MR_SBJ47C_17","SBJ47C","ThomasAM_2018b","CRC"
"CRC_MR_SBJ49C_17","SBJ49C","ThomasAM_2018b","CRC"
"CRC_MR_SBJ50C_17","SBJ50C","ThomasAM_2018b","CRC"
"CRC_MR_SBJ51C_17","SBJ51C","ThomasAM_2018b","CRC"
"CRC_MR_SBJ52C_17","SBJ52C","ThomasAM_2018b","CRC"
"CRC_MR_SBJ53C_17","SBJ53C","ThomasAM_2018b","CRC"
"CRC_MR_SBJ55C_17","SBJ55C","ThomasAM_2018b","CRC"
"CRC_MR_SBJ57H_17","SBJ57H","ThomasAM_2018b","control"
"CRC_MR_SBJ60H_17","SBJ60H","ThomasAM_2018b","control"
"CRC_MR_SBJ61C_17","SBJ61C","ThomasAM_2018b","CRC"
"CRC_MR_SBJ63H_17","SBJ63H","ThomasAM_2018b","control"
"CRC_MR_SBJ64C_17","SBJ64C","ThomasAM_2018b","CRC"
"CRC_MR_SBJ65H_17","SBJ65H","ThomasAM_2018b","control"
"CRC_MR_SBJ67H_17","SBJ67H","ThomasAM_2018b","control"
"CRC_MR_SBJ68H_17","SBJ68H","ThomasAM_2018b","control"
"CRC_MR_SBJ69H_17","SBJ69H","ThomasAM_2018b","control"
"CRC_MR_SBJ73H_17","SBJ73H","ThomasAM_2018b","control"
"CRC_MR_SBJ74H_17","SBJ74H","ThomasAM_2018b","control"
"CRC_MR_SBJ75H_17","SBJ75H","ThomasAM_2018b","control"
"CRC_MR_SBJ77H_17","SBJ77H","ThomasAM_2018b","control"
"CRC_MR_SBJ78H_17","SBJ78H","ThomasAM_2018b","control"
"CRC_MR_SBJ79H_17","SBJ79H","ThomasAM_2018b","control"
"CRC_MR_SBJ80H_17","SBJ80H","ThomasAM_2018b","control"
"CRC_MR_SBJ81H_17","SBJ81H","ThomasAM_2018b","control"
"CRC_MR_SBJ82H_17","SBJ82H","ThomasAM_2018b","control"
"CRC_MR_SBJ83H_17","SBJ83H","ThomasAM_2018b","control"
"CRC_MR_SBJ84H_17","SBJ84H","ThomasAM_2018b","control"
"mix1_N702-N505_CGTACTAG-GTAAGGAG","mix1_N702-N505_CGTACTAG-GTAAGGAG","ThomasAM_2019_c","control"
"mix3_N707-N505_CTCTCTAC-GTAAGGAG","mix3_N707-N505_CTCTCTAC-GTAAGGAG","ThomasAM_2019_c","control"
"mix3_N705-N506_GGACTCCT-ACTGCATA","mix3_N705-N506_GGACTCCT-ACTGCATA","ThomasAM_2019_c","CRC"
"mix3_N706-N506_TAGGCATG-ACTGCATA","mix3_N706-N506_TAGGCATG-ACTGCATA","ThomasAM_2019_c","control"
"mix2_N707-N503_CTCTCTAC-TATCCTCT","mix2_N707-N503_CTCTCTAC-TATCCTCT","ThomasAM_2019_c","control"
"mix6_N707-N504_CTCTCTAC-AGAGTAGA","mix6_N707-N504_CTCTCTAC-AGAGTAGA","ThomasAM_2019_c","CRC"
"mix2_N708-N504_CAGAGAGG-AGAGTAGA","mix2_N708-N504_CAGAGAGG-AGAGTAGA","ThomasAM_2019_c","control"
"mix2_N711-N504_AAGAGGCA-AGAGTAGA","mix2_N711-N504_AAGAGGCA-AGAGTAGA","ThomasAM_2019_c","CRC"
"AHCT5GADXX.N703-S501_AGGCAGAA-TAGATCGC","AHCT5GADXX.N703-S501_AGGCAGAA-TAGATCGC","ThomasAM_2019_c","CRC"
"BHCNG3ADXX.N705-S502_GGACTCCT-CTCTCTAT","BHCNG3ADXX.N705-S502_GGACTCCT-CTCTCTAT","ThomasAM_2019_c","control"
"BHCNG3ADXX.N708-S502_CAGAGAGG-CTCTCTAT","BHCNG3ADXX.N708-S502_CAGAGAGG-CTCTCTAT","ThomasAM_2019_c","CRC"
"HGKT5ADXX_PG0662_09A0202_H2","HGKT5ADXX_PG0662_09A0202_H2","ThomasAM_2019_c","control"
"BHCNG3ADXX.N709-S502_GCTACGCT-CTCTCTAT","BHCNG3ADXX.N709-S502_GCTACGCT-CTCTCTAT","ThomasAM_2019_c","CRC"
"BHCNG3ADXX.N711-S502_AAGAGGCA-CTCTCTAT","BHCNG3ADXX.N711-S502_AAGAGGCA-CTCTCTAT","ThomasAM_2019_c","CRC"
"mix20-N702-S501_CGTACTAG-TAGATCGC","mix20-N702-S501_CGTACTAG-TAGATCGC","ThomasAM_2019_c","control"
"BHCNG3ADXX.N701-S503_TAAGGCGA-TATCCTCT","BHCNG3ADXX.N701-S503_TAAGGCGA-TATCCTCT","ThomasAM_2019_c","CRC"
"BHCNJJADXX.N703-S503_AGGCAGAA-TATCCTCT","BHCNJJADXX.N703-S503_AGGCAGAA-TATCCTCT","ThomasAM_2019_c","CRC"
"BHCNJJADXX.N705-S503_GGACTCCT-TATCCTCT","BHCNJJADXX.N705-S503_GGACTCCT-TATCCTCT","ThomasAM_2019_c","CRC"
"BHCNJJADXX.N708-S503_CAGAGAGG-TATCCTCT","BHCNJJADXX.N708-S503_CAGAGAGG-TATCCTCT","ThomasAM_2019_c","control"
"mix21_mix22-N705-S502_GGACTCCT-CTCTCTAT","mix21_mix22-N705-S502_GGACTCCT-CTCTCTAT","ThomasAM_2019_c","control"
"AHCNC2ADXX.N708_CAGAGAGG","AHCNC2ADXX.N708_CAGAGAGG","ThomasAM_2019_c","CRC"
"AHCNC2ADXX.N710_CGAGGCTG","AHCNC2ADXX.N710_CGAGGCTG","ThomasAM_2019_c","CRC"
"mix23_mix24-N703-S503_AGGCAGAA-TATCCTCT","mix23_mix24-N703-S503_AGGCAGAA-TATCCTCT","ThomasAM_2019_c","control"
"BHCTGKADXX.N707-S505_CTCTCTAC-GTAAGGAG","BHCTGKADXX.N707-S505_CTCTCTAC-GTAAGGAG","ThomasAM_2019_c","control"
"BHCNFHADXX.N710-S505_CGAGGCTG-GTAAGGAG","BHCNFHADXX.N710-S505_CGAGGCTG-GTAAGGAG","ThomasAM_2019_c","CRC"
"BHCNK3ADXX.N711-S506_AAGAGGCA-ACTGCATA","BHCNK3ADXX.N711-S506_AAGAGGCA-ACTGCATA","ThomasAM_2019_c","control"
"BHCNK3ADXX.N712-S506_GTAGAGGA-ACTGCATA","BHCNK3ADXX.N712-S506_GTAGAGGA-ACTGCATA","ThomasAM_2019_c","CRC"
"mix29_mix30-N710_CGAGGCTG","mix29_mix30-N710_CGAGGCTG","ThomasAM_2019_c","control"
"BHCNK3ADXX.N706-S507_TAGGCATG-AAGGAGTA","BHCNK3ADXX.N706-S507_TAGGCATG-AAGGAGTA","ThomasAM_2019_c","control"
"mix31_mix32-N702-S506_CGTACTAG-ACTGCATA","mix31_mix32-N702-S506_CGTACTAG-ACTGCATA","ThomasAM_2019_c","control"
"AHCNMFADXX.N709-S507_GCTACGCT-AAGGAGTA","AHCNMFADXX.N709-S507_GCTACGCT-AAGGAGTA","ThomasAM_2019_c","CRC"
"AHCNMFADXX.N712-S507_GTAGAGGA-AAGGAGTA","AHCNMFADXX.N712-S507_GTAGAGGA-AAGGAGTA","ThomasAM_2019_c","control"
"AHCNMFADXX.N703-S508_AGGCAGAA-CTAAGCCT","AHCNMFADXX.N703-S508_AGGCAGAA-CTAAGCCT","ThomasAM_2019_c","CRC"
"mix31_mix32-N705-S506_GGACTCCT-ACTGCATA","mix31_mix32-N705-S506_GGACTCCT-ACTGCATA","ThomasAM_2019_c","control"
"BHCNM7ADXX.N712-S508_GTAGAGGA-CTAAGCCT","BHCNM7ADXX.N712-S508_GTAGAGGA-CTAAGCCT","ThomasAM_2019_c","control"
"BHCNM7ADXX.N701-S511_TAAGGCGA-TCTCTCCG","BHCNM7ADXX.N701-S511_TAAGGCGA-TCTCTCCG","ThomasAM_2019_c","control"
"mix33_mix34-N711-S506_AAGAGGCA-ACTGCATA","mix33_mix34-N711-S506_AAGAGGCA-ACTGCATA","ThomasAM_2019_c","control"
"mix33_mix34-N712-S506_GTAGAGGA-ACTGCATA","mix33_mix34-N712-S506_GTAGAGGA-ACTGCATA","ThomasAM_2019_c","control"
"mix35_mix36-N712-S507_GTAGAGGA-AAGGAGTA","mix35_mix36-N712-S507_GTAGAGGA-AAGGAGTA","ThomasAM_2019_c","CRC"
"HGK7MADXX_PG0662_19A0305_H3_L001","HGK7MADXX_PG0662_19A0305_H3_L001","ThomasAM_2019_c","CRC"
"HGK7MADXX_PG0662_87A0503_H3_L002","HGK7MADXX_PG0662_87A0503_H3_L002","ThomasAM_2019_c","CRC"
"HGKMWADXX_PG0662_92A0617_H3_L001","HGKMWADXX_PG0662_92A0617_H3_L001","ThomasAM_2019_c","CRC"
"HGKMWADXX_PG0662_95A0604_H3_L002","HGKMWADXX_PG0662_95A0604_H3_L002","ThomasAM_2019_c","control"
"HGKYVADXX_PG0662_98A0607_H3_L001","HGKYVADXX_PG0662_98A0607_H3_L001","ThomasAM_2019_c","control"
"HGKYVADXX_PG0662_104A0704_H3_L001","HGKYVADXX_PG0662_104A0704_H3_L001","ThomasAM_2019_c","control"
"HGKMWADXX_PG0662_166A0807_H3_L002","HGKMWADXX_PG0662_166A0807_H3_L002","ThomasAM_2019_c","CRC"
"HGKFCADXX_PG0662_168A0902_H3_L001","HGKFCADXX_PG0662_168A0902_H3_L001","ThomasAM_2019_c","control"
"HGK52ADXX_PG0662_172A0906_H3_L001","HGK52ADXX_PG0662_172A0906_H3_L001","ThomasAM_2019_c","CRC"
"HGKY7ADXX_PG0662_178A0104_H1_L002","HGKY7ADXX_PG0662_178A0104_H1_L002","ThomasAM_2019_c","control"
"HGKY7ADXX_PG0662_179A0105_H1_L002","HGKY7ADXX_PG0662_179A0105_H1_L002","ThomasAM_2019_c","control"
"HGKY7ADXX_PG0662_182A0217_H1_L002","HGKY7ADXX_PG0662_182A0217_H1_L002","ThomasAM_2019_c","CRC"
"HGKY7ADXX_PG0662_239A0206_H1_L001","HGKY7ADXX_PG0662_239A0206_H1_L001","ThomasAM_2019_c","CRC"
"HGKYWADXX_PG0662_245A0305_H1_L002","HGKYWADXX_PG0662_245A0305_H1_L002","ThomasAM_2019_c","CRC"
"HGKYWADXX_PG0662_249A0402_H1_L002","HGKYWADXX_PG0662_249A0402_H1_L002","ThomasAM_2019_c","control"
"HGKYWADXX_PG0662_255A0407_H1_L001","HGKYWADXX_PG0662_255A0407_H1_L001","ThomasAM_2019_c","CRC"
"HGKYWADXX_PG0662_259A0504_H1_L001","HGKYWADXX_PG0662_259A0504_H1_L001","ThomasAM_2019_c","CRC"
"HGKYVADXX_PG0662_320A0604_H1_L002","HGKYVADXX_PG0662_320A0604_H1_L002","ThomasAM_2019_c","control"
"HGKY5ADXX_PG0662_332A0817_H1_L001","HGKY5ADXX_PG0662_332A0817_H1_L001","ThomasAM_2019_c","CRC"
"HJK7MADXX_PG0783_04A0104_H1_L002","HJK7MADXX_PG0783_04A0104_H1_L002","ThomasAM_2019_c","CRC"
"HJKJJADXX_PG0783_14A0207_H1_L001","HJKJJADXX_PG0783_14A0207_H1_L001","ThomasAM_2019_c","control"
"HJKJ2ADXX_PG0783_19A0305_H1_L001","HJKJ2ADXX_PG0783_19A0305_H1_L001","ThomasAM_2019_c","control"
"HJK7VADXX_PG0783_22A0417_H1_L001","HJK7VADXX_PG0783_22A0417_H1_L001","ThomasAM_2019_c","CRC"
"HJK7VADXX_PG0783_23A0402_H1_L002","HJK7VADXX_PG0783_23A0402_H1_L002","ThomasAM_2019_c","CRC"
"HJK7MADXX_PG0783_24A0403_H1_L001","HJK7MADXX_PG0783_24A0403_H1_L001","ThomasAM_2019_c","control"
"HJKJ2ADXX_PG0783_27A0405_H1_L001","HJKJ2ADXX_PG0783_27A0405_H1_L001","ThomasAM_2019_c","CRC"
"HJK7VADXX_PG0783_31A0502_H1_L002","HJK7VADXX_PG0783_31A0502_H1_L002","ThomasAM_2019_c","control"
"HJKHTADXX_PG0783_55A0104_H1_L001","HJKHTADXX_PG0783_55A0104_H1_L001","ThomasAM_2019_c","control"
"HJKHTADXX_PG0783_65A0205_H1_L002","HJKHTADXX_PG0783_65A0205_H1_L002","ThomasAM_2019_c","CRC"
"HJKNLADXX_PG0783_67A0207_H1_L002","HJKNLADXX_PG0783_67A0207_H1_L002","ThomasAM_2019_c","control"
"HJKHJADXX_PG0783_75A0417_H1_L001","HJKHJADXX_PG0783_75A0417_H1_L001","ThomasAM_2019_c","CRC"
"HJKNLADXX_PG0783_82A0407_H1_L002","HJKNLADXX_PG0783_82A0407_H1_L002","ThomasAM_2019_c","control"
"HJKNLADXX_PG0783_89A0507_H1_L002","HJKNLADXX_PG0783_89A0507_H1_L002","ThomasAM_2019_c","CRC"
"HJKJJADXX_PG0783_92A0603_H1_L002","HJKJJADXX_PG0783_92A0603_H1_L002","ThomasAM_2019_c","CRC"
"HJKHJADXX_PG0783_98A0717_H1_L001","HJKHJADXX_PG0783_98A0717_H1_L001","ThomasAM_2019_c","CRC"
"HJK7NADXX_PG0783_110A0106_H1_L002","HJK7NADXX_PG0783_110A0106_H1_L002","ThomasAM_2019_c","control"
"HJKTNADXX_PG0783_113A0203_H1_L001","HJKTNADXX_PG0783_113A0203_H1_L001","ThomasAM_2019_c","control"
"HJK7NADXX_PG0783_128A0406_H1_L002","HJK7NADXX_PG0783_128A0406_H1_L002","ThomasAM_2019_c","CRC"
"HJKTNADXX_PG0783_132A0504_H1_L002","HJKTNADXX_PG0783_132A0504_H1_L002","ThomasAM_2019_c","CRC"
"HJKTNADXX_PG0783_145A0703_H1_L001","HJKTNADXX_PG0783_145A0703_H1_L001","ThomasAM_2019_c","CRC"
"HJKTNADXX_PG0783_147A0704_H1_L002","HJKTNADXX_PG0783_147A0704_H1_L002","ThomasAM_2019_c","control"
"MMRS11288076ST-27-0-0","MMRS11288076ST-27-0-0","VogtmannE_2016","control"
"MMRS11932626ST-27-0-0","MMRS11932626ST-27-0-0","VogtmannE_2016","control"
"MMRS12272136ST-27-0-0","MMRS12272136ST-27-0-0","VogtmannE_2016","CRC"
"MMRS14379078ST-27-0-0","MMRS14379078ST-27-0-0","VogtmannE_2016","CRC"
"MMRS14602194ST-27-0-0","MMRS14602194ST-27-0-0","VogtmannE_2016","CRC"
"MMRS15137911ST-27-0-0","MMRS15137911ST-27-0-0","VogtmannE_2016","CRC"
"MMRS16644320ST-27-0-0","MMRS16644320ST-27-0-0","VogtmannE_2016","CRC"
"MMRS17603756ST-27-0-0","MMRS17603756ST-27-0-0","VogtmannE_2016","control"
"MMRS17963147ST-27-0-0","MMRS17963147ST-27-0-0","VogtmannE_2016","control"
"MMRS18295921ST-27-0-0","MMRS18295921ST-27-0-0","VogtmannE_2016","CRC"
"MMRS20257302ST-27-0-0","MMRS20257302ST-27-0-0","VogtmannE_2016","control"
"MMRS21365932ST-27-0-0","MMRS21365932ST-27-0-0","VogtmannE_2016","control"
"MMRS24340226ST-27-0-0","MMRS24340226ST-27-0-0","VogtmannE_2016","CRC"
"MMRS25211151ST-27-0-0","MMRS25211151ST-27-0-0","VogtmannE_2016","control"
"MMRS25641480ST-27-0-0","MMRS25641480ST-27-0-0","VogtmannE_2016","CRC"
"MMRS29805707ST-27-0-0","MMRS29805707ST-27-0-0","VogtmannE_2016","control"
"MMRS31306426ST-27-0-0","MMRS31306426ST-27-0-0","VogtmannE_2016","CRC"
"MMRS32573774ST-27-0-0","MMRS32573774ST-27-0-0","VogtmannE_2016","control"
"MMRS33294861ST-27-0-0","MMRS33294861ST-27-0-0","VogtmannE_2016","control"
"MMRS34525504ST-27-0-0","MMRS34525504ST-27-0-0","VogtmannE_2016","CRC"
"MMRS34569532ST-27-0-0","MMRS34569532ST-27-0-0","VogtmannE_2016","control"
"MMRS35808664ST-27-0-0","MMRS35808664ST-27-0-0","VogtmannE_2016","control"
"MMRS36405092ST-27-0-0","MMRS36405092ST-27-0-0","VogtmannE_2016","control"
"MMRS38861560ST-27-0-0","MMRS38861560ST-27-0-0","VogtmannE_2016","control"
"MMRS38954404ST-27-0-0","MMRS38954404ST-27-0-0","VogtmannE_2016","control"
"MMRS39415781ST-27-0-0","MMRS39415781ST-27-0-0","VogtmannE_2016","control"
"MMRS39582183ST-27-0-0","MMRS39582183ST-27-0-0","VogtmannE_2016","control"
"MMRS40913371ST-27-0-0","MMRS40913371ST-27-0-0","VogtmannE_2016","control"
"MMRS41266697ST-27-0-0","MMRS41266697ST-27-0-0","VogtmannE_2016","CRC"
"MMRS41711735ST-27-0-0","MMRS41711735ST-27-0-0","VogtmannE_2016","CRC"
"MMRS42780924ST-27-0-0","MMRS42780924ST-27-0-0","VogtmannE_2016","CRC"
"MMRS43563715ST-27-0-0","MMRS43563715ST-27-0-0","VogtmannE_2016","CRC"
"MMRS43939546ST-27-0-0","MMRS43939546ST-27-0-0","VogtmannE_2016","CRC"
"MMRS44197125ST-27-0-0","MMRS44197125ST-27-0-0","VogtmannE_2016","CRC"
"MMRS44203591ST-27-0-0","MMRS44203591ST-27-0-0","VogtmannE_2016","CRC"
"MMRS44587603ST-27-0-0","MMRS44587603ST-27-0-0","VogtmannE_2016","CRC"
"MMRS47662059ST-27-0-0","MMRS47662059ST-27-0-0","VogtmannE_2016","CRC"
"MMRS47685461ST-27-0-0","MMRS47685461ST-27-0-0","VogtmannE_2016","CRC"
"MMRS51307502ST-27-0-0","MMRS51307502ST-27-0-0","VogtmannE_2016","control"
"MMRS51410669ST-27-0-0","MMRS51410669ST-27-0-0","VogtmannE_2016","CRC"
"MMRS51728985ST-27-0-0","MMRS51728985ST-27-0-0","VogtmannE_2016","CRC"
"MMRS51737257ST-27-0-0","MMRS51737257ST-27-0-0","VogtmannE_2016","control"
"MMRS54246132ST-27-0-0","MMRS54246132ST-27-0-0","VogtmannE_2016","control"
"MMRS54316675ST-27-0-0","MMRS54316675ST-27-0-0","VogtmannE_2016","CRC"
"MMRS55294627ST-27-0-0","MMRS55294627ST-27-0-0","VogtmannE_2016","CRC"
"MMRS56137463ST-27-0-0","MMRS56137463ST-27-0-0","VogtmannE_2016","control"
"MMRS57276462ST-27-0-0","MMRS57276462ST-27-0-0","VogtmannE_2016","control"
"MMRS57569834ST-27-0-0","MMRS57569834ST-27-0-0","VogtmannE_2016","control"
"MMRS59699117ST-27-0-0","MMRS59699117ST-27-0-0","VogtmannE_2016","CRC"
"MMRS61683006ST-27-0-0","MMRS61683006ST-27-0-0","VogtmannE_2016","control"
"MMRS62192467ST-27-0-0","MMRS62192467ST-27-0-0","VogtmannE_2016","control"
"MMRS62376181ST-27-0-0","MMRS62376181ST-27-0-0","VogtmannE_2016","CRC"
"MMRS62666492ST-27-0-0","MMRS62666492ST-27-0-0","VogtmannE_2016","control"
"MMRS64281211ST-27-0-0","MMRS64281211ST-27-0-0","VogtmannE_2016","CRC"
"MMRS64281551ST-27-0-0","MMRS64281551ST-27-0-0","VogtmannE_2016","control"
"MMRS65205033ST-27-0-0","MMRS65205033ST-27-0-0","VogtmannE_2016","CRC"
"MMRS65742083ST-27-0-0","MMRS65742083ST-27-0-0","VogtmannE_2016","control"
"MMRS65862658ST-27-0-0","MMRS65862658ST-27-0-0","VogtmannE_2016","control"
"MMRS65945127ST-27-0-0","MMRS65945127ST-27-0-0","VogtmannE_2016","CRC"
"MMRS66868025ST-27-0-0","MMRS66868025ST-27-0-0","VogtmannE_2016","control"
"MMRS67096717ST-27-0-0","MMRS67096717ST-27-0-0","VogtmannE_2016","control"
"MMRS67247116ST-27-0-0","MMRS67247116ST-27-0-0","VogtmannE_2016","CRC"
"MMRS68630931ST-27-0-0","MMRS68630931ST-27-0-0","VogtmannE_2016","control"
"MMRS68910755ST-27-0-0","MMRS68910755ST-27-0-0","VogtmannE_2016","CRC"
"MMRS71762412ST-27-0-0","MMRS71762412ST-27-0-0","VogtmannE_2016","CRC"
"MMRS72802364ST-27-0-0","MMRS72802364ST-27-0-0","VogtmannE_2016","CRC"
"MMRS72980899ST-27-0-0","MMRS72980899ST-27-0-0","VogtmannE_2016","CRC"
"MMRS73787048ST-27-0-0","MMRS73787048ST-27-0-0","VogtmannE_2016","control"
"MMRS77018926ST-27-0-0","MMRS77018926ST-27-0-0","VogtmannE_2016","CRC"
"MMRS77321055ST-27-0-0","MMRS77321055ST-27-0-0","VogtmannE_2016","CRC"
"MMRS77487595ST-27-0-0","MMRS77487595ST-27-0-0","VogtmannE_2016","CRC"
"MMRS78791111ST-27-0-0","MMRS78791111ST-27-0-0","VogtmannE_2016","CRC"
"MMRS79893829ST-27-0-0","MMRS79893829ST-27-0-0","VogtmannE_2016","control"
"MMRS80093644ST-27-0-0","MMRS80093644ST-27-0-0","VogtmannE_2016","CRC"
"MMRS81130264ST-27-0-0","MMRS81130264ST-27-0-0","VogtmannE_2016","control"
"MMRS81135225ST-27-0-0","MMRS81135225ST-27-0-0","VogtmannE_2016","control"
"MMRS81194191ST-27-0-0","MMRS81194191ST-27-0-0","VogtmannE_2016","CRC"
"MMRS81671217ST-27-0-0","MMRS81671217ST-27-0-0","VogtmannE_2016","CRC"
"MMRS84085284ST-27-0-0","MMRS84085284ST-27-0-0","VogtmannE_2016","control"
"MMRS84159866ST-27-0-0","MMRS84159866ST-27-0-0","VogtmannE_2016","control"
"MMRS84954772ST-27-0-0","MMRS84954772ST-27-0-0","VogtmannE_2016","CRC"
"MMRS85382779ST-27-0-0","MMRS85382779ST-27-0-0","VogtmannE_2016","CRC"
"MMRS85438660ST-27-0-0","MMRS85438660ST-27-0-0","VogtmannE_2016","control"
"MMRS85548821ST-27-0-0","MMRS85548821ST-27-0-0","VogtmannE_2016","control"
"MMRS86168210ST-27-0-0","MMRS86168210ST-27-0-0","VogtmannE_2016","control"
"MMRS86178473ST-27-0-0","MMRS86178473ST-27-0-0","VogtmannE_2016","CRC"
"MMRS86958796ST-27-0-0","MMRS86958796ST-27-0-0","VogtmannE_2016","CRC"
"MMRS87723283ST-27-0-0","MMRS87723283ST-27-0-0","VogtmannE_2016","control"
"MMRS88581325ST-27-0-0","MMRS88581325ST-27-0-0","VogtmannE_2016","control"
"MMRS90191266ST-27-0-0","MMRS90191266ST-27-0-0","VogtmannE_2016","CRC"
"MMRS91297590ST-27-0-0","MMRS91297590ST-27-0-0","VogtmannE_2016","control"
"MMRS92544445ST-27-0-0","MMRS92544445ST-27-0-0","VogtmannE_2016","CRC"
"MMRS92546335ST-27-0-0","MMRS92546335ST-27-0-0","VogtmannE_2016","control"
"MMRS93508324ST-27-0-0","MMRS93508324ST-27-0-0","VogtmannE_2016","CRC"
"MMRS93621581ST-27-0-0","MMRS93621581ST-27-0-0","VogtmannE_2016","control"
"MMRS94549160ST-27-0-0","MMRS94549160ST-27-0-0","VogtmannE_2016","control"
"MMRS95277876ST-27-0-0","MMRS95277876ST-27-0-0","VogtmannE_2016","control"
"MMRS95479054ST-27-0-0","MMRS95479054ST-27-0-0","VogtmannE_2016","control"
"MMRS95674036ST-27-0-0","MMRS95674036ST-27-0-0","VogtmannE_2016","control"
"MMRS96422329ST-27-0-0","MMRS96422329ST-27-0-0","VogtmannE_2016","CRC"
"MMRS97052561ST-27-0-0","MMRS97052561ST-27-0-0","VogtmannE_2016","CRC"
"MMRS97307143ST-27-0-0","MMRS97307143ST-27-0-0","VogtmannE_2016","control"
"MMRS97327636ST-27-0-0","MMRS97327636ST-27-0-0","VogtmannE_2016","CRC"
"MMRS99045180ST-27-0-0","MMRS99045180ST-27-0-0","VogtmannE_2016","CRC"
"SZAXPI003409-8","SZAXPI003409-8","YuJ_2015","CRC"
"SZAXPI003410-3","SZAXPI003410-3","YuJ_2015","CRC"
"SZAXPI003411-6","SZAXPI003411-6","YuJ_2015","CRC"
"SZAXPI003412-1","SZAXPI003412-1","YuJ_2015","CRC"
"SZAXPI003413-4","SZAXPI003413-4","YuJ_2015","CRC"
"SZAXPI003414-3","SZAXPI003414-3","YuJ_2015","CRC"
"SZAXPI003415-12","SZAXPI003415-12","YuJ_2015","CRC"
"SZAXPI003416-4","SZAXPI003416-4","YuJ_2015","CRC"
"SZAXPI003417-4","SZAXPI003417-4","YuJ_2015","control"
"SZAXPI003418-8","SZAXPI003418-8","YuJ_2015","CRC"
"SZAXPI003419-6","SZAXPI003419-6","YuJ_2015","control"
"SZAXPI003420-4","SZAXPI003420-4","YuJ_2015","CRC"
"SZAXPI003421-5","SZAXPI003421-5","YuJ_2015","CRC"
"SZAXPI003422-11","SZAXPI003422-11","YuJ_2015","CRC"
"SZAXPI003423-8","SZAXPI003423-8","YuJ_2015","CRC"
"SZAXPI003424-12","SZAXPI003424-12","YuJ_2015","CRC"
"SZAXPI003425-1","SZAXPI003425-1","YuJ_2015","CRC"
"SZAXPI003426-11","SZAXPI003426-11","YuJ_2015","CRC"
"SZAXPI003427-1","SZAXPI003427-1","YuJ_2015","control"
"SZAXPI003428-6","SZAXPI003428-6","YuJ_2015","CRC"
"SZAXPI003429-3","SZAXPI003429-3","YuJ_2015","control"
"SZAXPI003430-5","SZAXPI003430-5","YuJ_2015","CRC"
"SZAXPI003431-1","SZAXPI003431-1","YuJ_2015","CRC"
"SZAXPI003432-12","SZAXPI003432-12","YuJ_2015","CRC"
"SZAXPI003433-7","SZAXPI003433-7","YuJ_2015","control"
"SZAXPI003434-7","SZAXPI003434-7","YuJ_2015","CRC"
"SZAXPI003435-11","SZAXPI003435-11","YuJ_2015","CRC"
"SZAXPI003436-7","SZAXPI003436-7","YuJ_2015","CRC"
"SZAXPI003437-3","SZAXPI003437-3","YuJ_2015","CRC"
"SZAXPI015209-133","SZAXPI015209-133","YuJ_2015","CRC"
"SZAXPI015210-17","SZAXPI015210-17","YuJ_2015","CRC"
"SZAXPI015211-166","SZAXPI015211-166","YuJ_2015","CRC"
"SZAXPI015212-113","SZAXPI015212-113","YuJ_2015","control"
"SZAXPI015213-15","SZAXPI015213-15","YuJ_2015","CRC"
"SZAXPI015214-19","SZAXPI015214-19","YuJ_2015","CRC"
"SZAXPI015215-20","SZAXPI015215-20","YuJ_2015","CRC"
"SZAXPI015216-169","SZAXPI015216-169","YuJ_2015","CRC"
"SZAXPI015217-140","SZAXPI015217-140","YuJ_2015","CRC"
"SZAXPI015218-16","SZAXPI015218-16","YuJ_2015","CRC"
"SZAXPI015219-129","SZAXPI015219-129","YuJ_2015","CRC"
"SZAXPI015220-136","SZAXPI015220-136","YuJ_2015","CRC"
"SZAXPI015221-142","SZAXPI015221-142","YuJ_2015","CRC"
"SZAXPI015222-123","SZAXPI015222-123","YuJ_2015","CRC"
"SZAXPI015223-158","SZAXPI015223-158","YuJ_2015","CRC"
"SZAXPI015224-13","SZAXPI015224-13","YuJ_2015","CRC"
"SZAXPI015225-18","SZAXPI015225-18","YuJ_2015","CRC"
"SZAXPI015226-14","SZAXPI015226-14","YuJ_2015","CRC"
"SZAXPI015227-13","SZAXPI015227-13","YuJ_2015","control"
"SZAXPI015228-14","SZAXPI015228-14","YuJ_2015","control"
"SZAXPI015229-15","SZAXPI015229-15","YuJ_2015","control"
"SZAXPI015230-16","SZAXPI015230-16","YuJ_2015","control"
"SZAXPI015231-17","SZAXPI015231-17","YuJ_2015","control"
"SZAXPI015232-18","SZAXPI015232-18","YuJ_2015","control"
"SZAXPI015233-19","SZAXPI015233-19","YuJ_2015","control"
"SZAXPI015234-20","SZAXPI015234-20","YuJ_2015","control"
"SZAXPI015235-21","SZAXPI015235-21","YuJ_2015","control"
"SZAXPI015237-23","SZAXPI015237-23","YuJ_2015","CRC"
"SZAXPI015238-24","SZAXPI015238-24","YuJ_2015","control"
"SZAXPI015239-25","SZAXPI015239-25","YuJ_2015","control"
"SZAXPI015240-26","SZAXPI015240-26","YuJ_2015","control"
"SZAXPI015241-27","SZAXPI015241-27","YuJ_2015","control"
"SZAXPI015242-30","SZAXPI015242-30","YuJ_2015","control"
"SZAXPI015243-31","SZAXPI015243-31","YuJ_2015","control"
"SZAXPI015244-32","SZAXPI015244-32","YuJ_2015","control"
"SZAXPI015245-33","SZAXPI015245-33","YuJ_2015","control"
"SZAXPI015246-34","SZAXPI015246-34","YuJ_2015","control"
"SZAXPI015247-35","SZAXPI015247-35","YuJ_2015","control"
"SZAXPI015248-36","SZAXPI015248-36","YuJ_2015","control"
"SZAXPI015249-37","SZAXPI015249-37","YuJ_2015","control"
"SZAXPI015250-39","SZAXPI015250-39","YuJ_2015","control"
"SZAXPI015251-41","SZAXPI015251-41","YuJ_2015","control"
"SZAXPI015252-43","SZAXPI015252-43","YuJ_2015","control"
"SZAXPI015253-44","SZAXPI015253-44","YuJ_2015","control"
"SZAXPI015254-45","SZAXPI015254-45","YuJ_2015","control"
"SZAXPI015255-46","SZAXPI015255-46","YuJ_2015","control"
"SZAXPI015256-47","SZAXPI015256-47","YuJ_2015","control"
"SZAXPI015257-56","SZAXPI015257-56","YuJ_2015","control"
"SZAXPI015258-57","SZAXPI015258-57","YuJ_2015","control"
"SZAXPI015259-62","SZAXPI015259-62","YuJ_2015","control"
"SZAXPI015260-74","SZAXPI015260-74","YuJ_2015","control"
"SZAXPI015261-75","SZAXPI015261-75","YuJ_2015","control"
"SZAXPI015262-79","SZAXPI015262-79","YuJ_2015","control"
"SZAXPI015263-84","SZAXPI015263-84","YuJ_2015","control"
"SZAXPI015264-87","SZAXPI015264-87","YuJ_2015","control"
"SZAXPI015265-88","SZAXPI015265-88","YuJ_2015","control"
"SZAXPI015266-89","SZAXPI015266-89","YuJ_2015","control"
"SZAXPI015267-102","SZAXPI015267-102","YuJ_2015","control"
"SZAXPI015268-109","SZAXPI015268-109","YuJ_2015","control"
"SZAXPI015269-94","SZAXPI015269-94","YuJ_2015","control"
"SZAXPI015270-90","SZAXPI015270-90","YuJ_2015","control"
"SZAXPI015271-93","SZAXPI015271-93","YuJ_2015","control"
"SZAXPI015272-108","SZAXPI015272-108","YuJ_2015","control"
"SZAXPI015273-95","SZAXPI015273-95","YuJ_2015","control"
"SZAXPI015274-111","SZAXPI015274-111","YuJ_2015","control"
"SZAXPI017451-16","SZAXPI017451-16","YuJ_2015","CRC"
"SZAXPI017452-17","SZAXPI017452-17","YuJ_2015","CRC"
"SZAXPI017453-19","SZAXPI017453-19","YuJ_2015","CRC"
"SZAXPI017454-20","SZAXPI017454-20","YuJ_2015","CRC"
"SZAXPI017455-21","SZAXPI017455-21","YuJ_2015","CRC"
"SZAXPI017456-23","SZAXPI017456-23","YuJ_2015","CRC"
"SZAXPI017457-24","SZAXPI017457-24","YuJ_2015","CRC"
"SZAXPI017458-25","SZAXPI017458-25","YuJ_2015","CRC"
"SZAXPI017459-26","SZAXPI017459-26","YuJ_2015","CRC"
"SZAXPI017460-27","SZAXPI017460-27","YuJ_2015","CRC"
"SZAXPI017461-32","SZAXPI017461-32","YuJ_2015","CRC"
"SZAXPI017462-33","SZAXPI017462-33","YuJ_2015","CRC"
"SZAXPI017463-36","SZAXPI017463-36","YuJ_2015","CRC"
"SZAXPI017464-37","SZAXPI017464-37","YuJ_2015","CRC"
"SZAXPI017465-43","SZAXPI017465-43","YuJ_2015","CRC"
"SZAXPI017466-84","SZAXPI017466-84","YuJ_2015","CRC"
"SZAXPI017467-87","SZAXPI017467-87","YuJ_2015","CRC"
"SZAXPI017468-88","SZAXPI017468-88","YuJ_2015","CRC"
"SZAXPI017580-90","SZAXPI017580-90","YuJ_2015","CRC"
"SZAXPI017581-93","SZAXPI017581-93","YuJ_2015","CRC"
"SZAXPI017582-94","SZAXPI017582-94","YuJ_2015","CRC"
"SZAXPI017583-102","SZAXPI017583-102","YuJ_2015","CRC"
"SZAXPI017584-108","SZAXPI017584-108","YuJ_2015","CRC"
"SZAXPI017585-109","SZAXPI017585-109","YuJ_2015","CRC"
"SZAXPI017586-111","SZAXPI017586-111","YuJ_2015","CRC"
"SZAXPI017587-113","SZAXPI017587-113","YuJ_2015","CRC"
"SZAXPI017588-123","SZAXPI017588-123","YuJ_2015","CRC"
"SZAXPI017589-133","SZAXPI017589-133","YuJ_2015","CRC"
"SZAXPI017590-136","SZAXPI017590-136","YuJ_2015","CRC"
"SZAXPI017591-140","SZAXPI017591-140","YuJ_2015","control"
"SZAXPI017592-142","SZAXPI017592-142","YuJ_2015","control"
"SZAXPI017593-158","SZAXPI017593-158","YuJ_2015","CRC"
"SZAXPI017594-166","SZAXPI017594-166","YuJ_2015","CRC"
"SZAXPI017595-169","SZAXPI017595-169","YuJ_2015","CRC"
"CCIS00146684ST-4-0","FR-726","ZellerG_2014","control"
"CCIS00281083ST-3-0","FR-060","ZellerG_2014","control"
"CCIS02124300ST-4-0","FR-568","ZellerG_2014","control"
"CCIS02379307ST-4-0","FR-828","ZellerG_2014","CRC"
"CCIS02856720ST-4-0","FR-027","ZellerG_2014","control"
"CCIS03473770ST-4-0","FR-192","ZellerG_2014","control"
"CCIS03857607ST-4-0","FR-349","ZellerG_2014","control"
"CCIS05314658ST-4-0","FR-169","ZellerG_2014","control"
"CCIS06260551ST-3-0","FR-200","ZellerG_2014","CRC"
"CCIS07277498ST-4-0","FR-276","ZellerG_2014","control"
"CCIS07539127ST-4-0","FR-460","ZellerG_2014","control"
"CCIS07648107ST-4-0","FR-053","ZellerG_2014","control"
"CCIS08668806ST-3-0","FR-214","ZellerG_2014","adenoma"
"CCIS09568613ST-4-0","FR-400","ZellerG_2014","control"
"CCIS10706551ST-3-0","FR-193","ZellerG_2014","control"
"CCIS10793554ST-4-0","FR-606","ZellerG_2014","adenoma"
"CCIS11015875ST-4-0","FR-788","ZellerG_2014","CRC"
"CCIS11019776ST-4-0","FR-548","ZellerG_2014","adenoma"
"CCIS11354283ST-4-0","FR-212","ZellerG_2014","control"
"CCIS11362406ST-4-0","FR-398","ZellerG_2014","control"
"CCIS11558985ST-4-0","FR-902","ZellerG_2014","control"
"CCIS12370844ST-4-0","FR-823","ZellerG_2014","CRC"
"CCIS12656533ST-4-0","FR-654","ZellerG_2014","CRC"
"CCIS13047523ST-4-0","FR-003","ZellerG_2014","control"
"CCIS14449628ST-4-0","FR-404","ZellerG_2014","CRC"
"CCIS15704761ST-4-0","FR-901","ZellerG_2014","CRC"
"CCIS15794887ST-4-0","FR-024","ZellerG_2014","control"
"CCIS16326685ST-4-0","FR-542","ZellerG_2014","control"
"CCIS16383318ST-4-0","FR-139","ZellerG_2014","control"
"CCIS16561622ST-4-0","FR-030","ZellerG_2014","control"
"CCIS17669415ST-4-0","FR-125","ZellerG_2014","CRC"
"CCIS19142497ST-3-0","FR-051","ZellerG_2014","adenoma"
"CCIS20795251ST-4-0","FR-221","ZellerG_2014","control"
"CCIS21126322ST-4-0","FR-121","ZellerG_2014","control"
"CCIS21278152ST-4-0","FR-414","ZellerG_2014","CRC"
"CCIS22275061ST-4-0","FR-191","ZellerG_2014","adenoma"
"CCIS22416007ST-4-0","FR-815","ZellerG_2014","CRC"
"CCIS22906510ST-20-0","FR-826","ZellerG_2014","adenoma"
"CCIS22958137ST-20-0","FR-506","ZellerG_2014","CRC"
"CCIS23164343ST-4-0","FR-316","ZellerG_2014","control"
"CCIS24254057ST-4-0","FR-767","ZellerG_2014","CRC"
"CCIS24898163ST-4-0","FR-282","ZellerG_2014","adenoma"
"CCIS25399172ST-4-0","FR-419","ZellerG_2014","adenoma"
"CCIS27304052ST-3-0","FR-001","ZellerG_2014","control"
"CCIS27927933ST-4-0","FR-115","ZellerG_2014","control"
"CCIS28384594ST-4-0","FR-382","ZellerG_2014","adenoma"
"CCIS29210128ST-4-0","FR-166","ZellerG_2014","control"
"CCIS29688262ST-20-0","FR-305","ZellerG_2014","control"
"CCIS31434951ST-20-0","FR-643","ZellerG_2014","adenoma"
"CCIS32105356ST-4-0","FR-510","ZellerG_2014","adenoma"
"CCIS32452666ST-4-0","FR-105","ZellerG_2014","control"
"CCIS33816588ST-4-0","FR-652","ZellerG_2014","CRC"
"CCIS34055159ST-4-0","FR-430","ZellerG_2014","CRC"
"CCIS34604008ST-4-0","FR-129","ZellerG_2014","control"
"CCIS35092938ST-4-0","FR-500","ZellerG_2014","adenoma"
"CCIS35100175ST-4-0","FR-812","ZellerG_2014","CRC"
"CCIS36699628ST-4-0","FR-142","ZellerG_2014","control"
"CCIS36797902ST-4-0","FR-198","ZellerG_2014","control"
"CCIS37250421ST-4-0","FR-496","ZellerG_2014","adenoma"
"CCIS38765456ST-20-0","FR-723","ZellerG_2014","CRC"
"CCIS40244499ST-3-0","FR-202","ZellerG_2014","CRC"
"CCIS41222843ST-4-0","FR-298","ZellerG_2014","CRC"
"CCIS41288781ST-4-0","FR-817","ZellerG_2014","CRC"
"CCIS41548810ST-4-0","FR-451","ZellerG_2014","CRC"
"CCIS41692898ST-4-0","FR-558","ZellerG_2014","control"
"CCIS41806458ST-4-0","FR-664","ZellerG_2014","adenoma"
"CCIS44093303ST-4-0","FR-721","ZellerG_2014","control"
"CCIS44676181ST-4-0","FR-161","ZellerG_2014","adenoma"
"CCIS44743950ST-4-0","FR-596","ZellerG_2014","adenoma"
"CCIS44757994ST-4-0","FR-770","ZellerG_2014","CRC"
"CCIS45571137ST-3-0","FR-116","ZellerG_2014","control"
"CCIS45793747ST-4-0","FR-684","ZellerG_2014","control"
"CCIS46047672ST-4-0","FR-825","ZellerG_2014","CRC"
"CCIS46467422ST-4-0","FR-830","ZellerG_2014","CRC"
"CCIS47284573ST-4-0","FR-667","ZellerG_2014","CRC"
"CCIS47745468ST-4-0","FR-054","ZellerG_2014","adenoma"
"CCIS48174381ST-4-0","FR-751","ZellerG_2014","control"
"CCIS48507077ST-4-0","FR-507","ZellerG_2014","adenoma"
"CCIS48579360ST-4-0","FR-829","ZellerG_2014","adenoma"
"CCIS48725289ST-4-0","FR-170","ZellerG_2014","CRC"
"CCIS50003399ST-4-0","FR-194","ZellerG_2014","control"
"CCIS50148151ST-4-0","FR-503","ZellerG_2014","CRC"
"CCIS50369211ST-20-0","FR-215","ZellerG_2014","adenoma"
"CCIS50471204ST-4-0","FR-213","ZellerG_2014","control"
"CCIS50561855ST-4-0","FR-474","ZellerG_2014","adenoma"
"CCIS51595129ST-4-0","FR-399","ZellerG_2014","control"
"CCIS51667829ST-4-0","FR-113","ZellerG_2014","adenoma"
"CCIS52234160ST-4-0","FR-473","ZellerG_2014","adenoma"
"CCIS52370277ST-4-0","FR-827","ZellerG_2014","CRC"
"CCIS53043478ST-4-0","FR-551","ZellerG_2014","CRC"
"CCIS53355328ST-4-0","FR-293","ZellerG_2014","CRC"
"CCIS53557295ST-4-0","FR-666","ZellerG_2014","adenoma"
"CCIS54027808ST-4-0","FR-835","ZellerG_2014","adenoma"
"CCIS55230578ST-4-0","FR-734","ZellerG_2014","CRC"
"CCIS55531770ST-4-0","FR-790","ZellerG_2014","adenoma"
"CCIS56503244ST-3-0","FR-162","ZellerG_2014","adenoma"
"CCIS58234805ST-4-0","FR-268","ZellerG_2014","CRC"
"CCIS59132091ST-4-0","FR-617","ZellerG_2014","CRC"
"CCIS59903910ST-4-0","FR-820","ZellerG_2014","adenoma"
"CCIS61287323ST-4-0","FR-376","ZellerG_2014","CRC"
"CCIS62605362ST-3-0","FR-504","ZellerG_2014","CRC"
"CCIS62794166ST-4-0","FR-780","ZellerG_2014","CRC"
"CCIS63448910ST-4-0","FR-390","ZellerG_2014","control"
"CCIS63468405ST-4-0","FR-132","ZellerG_2014","control"
"CCIS63910149ST-4-0","FR-719","ZellerG_2014","control"
"CCIS64773582ST-4-0","FR-195","ZellerG_2014","control"
"CCIS64785924ST-20-0","FR-173","ZellerG_2014","control"
"CCIS65479369ST-4-0","FR-772","ZellerG_2014","CRC"
"CCIS70398272ST-4-0","FR-792","ZellerG_2014","adenoma"
"CCIS71301801ST-4-0","FR-281","ZellerG_2014","CRC"
"CCIS71578391ST-4-0","FR-187","ZellerG_2014","control"
"CCIS72607085ST-4-0","FR-824","ZellerG_2014","CRC"
"CCIS74239020ST-4-0","FR-156","ZellerG_2014","control"
"CCIS74726977ST-3-0","FR-026","ZellerG_2014","adenoma"
"CCIS76563044ST-4-0","FR-672","ZellerG_2014","adenoma"
"CCIS76845094ST-20-0","FR-450","ZellerG_2014","CRC"
"CCIS77100899ST-4-0","FR-211","ZellerG_2014","adenoma"
"CCIS77252613ST-4-0","FR-783","ZellerG_2014","CRC"
"CCIS78100604ST-4-0","FR-728","ZellerG_2014","control"
"CCIS78318719ST-4-0","FR-768","ZellerG_2014","CRC"
"CCIS79210440ST-3-0","FR-039","ZellerG_2014","control"
"CCIS80834637ST-4-0","FR-716","ZellerG_2014","control"
"CCIS81139242ST-4-0","FR-118","ZellerG_2014","control"
"CCIS81710917ST-20-0","FR-539","ZellerG_2014","adenoma"
"CCIS81735969ST-20-0","FR-312","ZellerG_2014","adenoma"
"CCIS81887263ST-4-0","FR-302","ZellerG_2014","CRC"
"CCIS82146115ST-4-0","FR-628","ZellerG_2014","CRC"
"CCIS82507866ST-3-0","FR-040","ZellerG_2014","control"
"CCIS82944710ST-20-0","FR-730","ZellerG_2014","control"
"CCIS83445808ST-4-0","FR-495","ZellerG_2014","adenoma"
"CCIS83574003ST-4-0","FR-241","ZellerG_2014","adenoma"
"CCIS83870198ST-4-0","FR-344","ZellerG_2014","CRC"
"CCIS84543192ST-4-0","FR-722","ZellerG_2014","CRC"
"CCIS85214191ST-3-0","FR-208","ZellerG_2014","CRC"
"CCIS87116798ST-4-0","FR-310","ZellerG_2014","CRC"
"CCIS87167916ST-4-0","FR-223","ZellerG_2014","CRC"
"CCIS87252800ST-4-0","FR-505","ZellerG_2014","CRC"
"CCIS87290971ST-4-0","FR-196","ZellerG_2014","adenoma"
"CCIS87605453ST-4-0","FR-328","ZellerG_2014","CRC"
"CCIS88007743ST-4-0","FR-393","ZellerG_2014","control"
"CCIS88317640ST-4-0","FR-759","ZellerG_2014","control"
"CCIS90164298ST-4-0","FR-294","ZellerG_2014","control"
"CCIS90166425ST-4-0","FR-449","ZellerG_2014","adenoma"
"CCIS90443472ST-4-0","FR-249","ZellerG_2014","adenoma"
"CCIS90903952ST-3-0","FR-218","ZellerG_2014","adenoma"
"CCIS91228662ST-4-0","FR-275","ZellerG_2014","CRC"
"CCIS93040568ST-20-0","FR-682","ZellerG_2014","control"
"CCIS94417875ST-3-0","FR-110","ZellerG_2014","control"
"CCIS94496512ST-4-0","FR-229","ZellerG_2014","adenoma"
"CCIS94603952ST-4-0","FR-025","ZellerG_2014","control"
"CCIS95097901ST-4-0","FR-696","ZellerG_2014","control"
"CCIS95409808ST-4-0","FR-152","ZellerG_2014","control"
"CCIS96387239ST-4-0","FR-626","ZellerG_2014","adenoma"
"CCIS98482370ST-3-0","FR-052","ZellerG_2014","control"
"CCIS98512455ST-4-0","FR-459","ZellerG_2014","CRC"
"CCIS98832363ST-4-0","FR-552","ZellerG_2014","CRC"
